예측대상일자,배추_가격(원/kg),무_가격(원/kg),양파_가격(원/kg),건고추_가격(원/kg),마늘_가격(원/kg),대파_가격(원/kg),얼갈이배추_가격(원/kg),양배추_가격(원/kg),깻잎_가격(원/kg),시금치_가격(원/kg),미나리_가격(원/kg),당근_가격(원/kg),파프리카_가격(원/kg),새송이_가격(원/kg),팽이버섯_가격(원/kg),토마토_가격(원/kg),청상추_가격(원/kg),백다다기_가격(원/kg),애호박_가격(원/kg),캠벨얼리_가격(원/kg),샤인마스캇_가격(원/kg)
2020-09-29+1week,1204.1449747870424,674.9613634630222,1051.6875437957592,19269.972988889418,5707.653844827511,2549.4845748534344,1375.4775014225734,866.6575284182388,7605.929850324923,4655.6224851560755,4444.153069322209,1481.1932928162516,4933.699224247348,3094.112444262291,2765.967709820688,2864.677055913226,3888.348608130616,2362.103713264705,3043.131176446331,3914.8836931236137,11014.279410410203
2020-09-29+2week,1025.4492960558596,498.2993654028106,1051.6304665793773,16264.774218631776,5567.893104523139,2170.5707140426457,1266.2172848855678,763.8229842490977,7486.467321731527,3455.5949701215277,3418.5812093948366,1481.8850792401697,4880.538520711303,2349.8247250885524,1810.0177109591616,2747.5003381548286,3728.278179200711,2207.9401791179025,3092.902498287373,3772.338085354878,11305.015420458603
2020-09-29+4week,718.835306152383,499.8076894784409,1130.9676294311503,19984.269353938114,4061.215358532829,2056.180453172459,947.5078208595393,616.8498691299466,6494.843336079352,3196.027688032258,2772.6278646466353,1316.8565089858296,3636.6598719925573,2209.954346918893,1676.478777225914,2702.415757047539,3420.360828809422,1982.9805171246715,3292.1945344917754,3736.1134527010045,12029.921309906176
2020-09-30+1week,1201.8942738077924,686.0465064515411,1057.359859307221,19261.31523936566,5678.75120898246,2506.709504789405,1317.4213446018723,859.1855961974181,7524.4952976666145,3952.7175505310465,4402.97370053257,1465.4615883663741,4339.306811650947,3046.1159277948286,2745.1977890317908,2868.1297164746898,3952.569945592437,2284.5603348455047,2762.590659271233,3932.491580319599,11065.763391616078
2020-09-30+2week,1055.7918841223798,513.3575362111496,1023.2123409778037,17295.538641971125,5342.6333825523125,2144.4877773709018,1199.2074615179617,756.6789628497414,7703.57295667732,3090.09478209208,3266.75602471647,1422.148333703616,4438.835349658167,2355.9366413696152,1810.0177109591616,2720.527600884785,3734.343354653253,2189.568476371192,3079.1388037949273,3759.492184637075,11168.609585213699
2020-09-30+4week,725.7376411742496,508.89567123883086,1139.4177927581172,21962.931126102172,4061.215358532829,2030.5112282378166,993.0834979637763,605.8326839509568,6491.99557220559,3009.5109285342,2781.5627618923795,1342.0583808556576,3598.8813616944076,2209.954346918893,1676.478777225914,2683.3955142851873,3350.2401142798813,1981.5938863706197,3287.484916428086,3723.244542762192,12204.866862018673
2020-10-01+1week,1205.3914739204092,712.6255632373535,1041.5639176169477,20316.086685995575,5131.630992850605,2526.323947092576,1317.167496988203,856.32767391358,7226.926691224779,3820.667040259524,3790.0594389084004,1503.2607516092123,4516.714885242576,2940.7175677593073,2539.3042739381567,2860.141466023929,3879.845773033104,2307.1933816645915,2580.4229258478094,3914.585996034125,11270.780680779946
2020-10-01+2week,1074.5377820083593,501.73567012191666,1041.380335097879,16061.233392805232,5054.522812860636,2079.2360488537097,1178.505397485926,739.4101443887886,7608.379491124588,3606.4021734811586,3471.8291176145813,1452.3677622191597,4865.956454470749,2320.677502151994,1785.3139749467925,2771.818804080403,3664.1552994943427,2176.918628042796,2964.1723951320123,3768.519477927665,11251.006389774819
2020-10-01+4week,753.0653358952957,508.6754948038931,1140.4289348281616,20555.347145936274,4061.215358532829,2047.0608847287235,1040.0678807195486,597.816541926593,6447.706459598874,3051.9428115830287,2851.206613826458,1252.277275107147,3539.085846463336,2209.954346918893,1676.478777225914,2684.4629529201384,3356.723373240359,1974.3266161142922,3297.2832866785875,3723.244542762192,12171.310927015797
2020-10-02+1week,1120.2436327215266,668.273775087678,1037.9580546347865,17393.173624510247,5549.831427343708,2310.3050043990083,1288.1145473443842,809.0278553461345,6599.655992057536,3074.6908183917503,3536.6126654487084,1488.5790388150676,4700.265795801334,2790.397571439686,2383.673239897538,2909.960374375736,3865.768214775686,2283.422174697846,2451.9793468477687,3960.6674798122444,11276.116227723182
2020-10-02+2week,940.8933839607929,531.2155338563268,1038.0350764898856,16262.289213258406,5437.838904639524,2023.0324396554765,1111.053703631545,735.8960426382808,7505.424359058479,3341.4699200748387,3214.80997328032,1455.3011321052124,4701.845310825643,2314.3100940199565,1780.406016839308,2755.625851317649,3696.8776471486767,2263.4429375854465,2867.934940765423,3830.5328796295944,10874.258272456904
2020-10-02+4week,738.7054968514707,532.8565556395757,1130.7345745815614,20559.584979210973,4015.577217195393,1919.1267971916307,1013.8841860002133,612.0971508357591,6560.706956671981,3239.9255147863164,2813.964505929981,1243.5718182905155,3491.5309709437056,2209.954346918893,1675.3062772035028,2700.4601447357886,3381.9893793426204,2002.3579405319817,3302.562014314576,3731.202547539445,12186.540762128096
2020-10-03+1week,999.7425604212335,602.9038704851869,1043.9142694822792,19980.218031667246,5692.941171461923,2198.3455166625467,1193.4680077194753,765.8084417897999,6034.859898535472,2663.6848569945255,3438.1198289643767,1400.6373349688542,3791.0203890633093,2577.615521371638,2052.4865601040515,2707.473918606233,3855.915298092811,2294.3628523858793,2392.333052591496,3790.2549761738724,10997.655082915022
2020-10-03+2week,844.8168284483545,504.3681451416231,1007.4946997942458,17494.284947500168,5456.242018568208,1985.427381582191,1062.0999892227826,671.85270087568,7397.927112266451,2455.1163544550886,3449.330715821059,1262.818765923519,4687.1828292409455,2314.2526872180183,1776.7600817224131,2541.7591780312737,3702.9699939621723,2286.5323200366174,2810.452424018705,3710.4168139904596,10913.68841024658
2020-10-03+4week,734.4946225520175,470.64188915852435,1079.5583295728482,16778.95598441399,4015.577217195393,1851.514620374396,1045.22871926467,616.610932848952,6355.878467602534,2711.1389701356798,2814.9531064456146,1149.6394662031244,3480.3327095031873,2209.954346918893,1676.478777225914,2649.5762571871956,3347.190423830876,1979.406773864325,3269.627850514613,3727.2543000754026,12124.035541538055
2020-10-04+1week,828.7059437504954,695.1597291905513,1079.704739937584,16845.825167151845,5197.316701864198,2312.954704769221,974.7654679208437,668.4852662989557,6153.797224084465,3442.1441158030075,2815.339939944281,1427.42039401837,4040.865404779629,2454.615466677902,1839.4064769645317,2885.1952994639746,3855.915298092811,2115.5948079318064,2374.385358337828,3770.1412058626934,10656.139703648816
2020-10-04+2week,932.7462797206364,502.0874752627825,1080.6534619073711,15858.944089684657,5262.43802330598,2149.2762069615733,928.9746677298386,653.1500481914962,8034.276161304216,3795.5916696256613,3320.6556019230047,1465.2275894905642,5059.396254846461,2332.2221009043596,1798.5516359599008,2701.601424484533,3696.52357840809,2175.6515057278652,2872.82550067597,3934.056183362693,10354.537049144385
2020-10-04+4week,808.4684944494306,522.9880848658449,1072.5757634387364,14401.9743273011,4015.577217195393,1959.4245540490874,873.3346973543394,604.3879001904612,6263.315994436526,3134.2000708464134,2816.552819264655,1182.1970655364298,3691.9992430523193,2214.6162464739627,1679.4580773167993,2687.5520302760597,3472.6682065665104,2028.2127615576978,3427.9551579255062,4005.446323949293,11398.54157687431
2020-10-05+1week,754.855037960959,640.0790999292425,1018.2355203781278,18321.797527747884,4973.101232463315,2064.7005535161798,1100.7937482677999,632.0519366905537,6179.1541721023395,2464.327757429018,3512.6089468243963,1518.457768225093,3955.6324022203667,2336.412583140886,1848.5873198958768,2693.075916593505,3234.0549136209424,2212.627221717185,2329.7739156269695,3616.6304855243634,10737.0986368293
2020-10-05+2week,818.6665926395799,498.02601737724626,984.58729146551,16463.06066974464,5066.878460606457,1955.4335226411526,1051.8119369320852,643.8345256456834,7463.835555457917,2544.3791923074273,3468.8630044803695,1434.1475787388858,4917.431688752662,2307.350033290864,1787.984669645815,2723.0494689920206,3598.5706448959468,2103.2222370049985,2514.3206914337875,3697.5592894683264,10748.420643681719
2020-10-05+4week,703.8819677429549,465.45723267671406,1041.3308090920868,14190.66642213058,4015.577217195393,1928.969827199054,1048.6679245001953,613.9228285858637,4477.212773673361,2606.424077744722,2878.0651046688777,1199.1468741594251,3490.681069463681,2209.954346918893,1676.478777225914,2667.6236453111037,3383.6680726186555,2004.2744671894031,3318.618141149346,3723.244542762192,12088.486912815184
2020-10-06+1week,894.4224394389737,741.9642391652794,1019.186311427908,15646.090793888181,5583.269685287009,2322.145714398672,941.6401826094196,754.7454397355266,5952.157220549615,2477.1088497095957,3364.2548509094418,1376.3261113062383,4255.570118349319,2807.9061369417204,2414.8949391651117,2822.3185695808925,3220.7279083190397,2300.4486242379994,2258.8272901916735,3580.9805436122892,10905.40900249011
2020-10-06+2week,916.5734369319986,479.92213095875053,997.3659208329902,16096.130092927993,5227.283597916973,2002.051544710643,936.7063076882764,697.3859395263912,7378.912189944714,2226.4990760279115,3281.1776937263135,1257.8461054735728,5032.335586940515,2301.1221536921244,1802.363610212052,2728.965822313936,3591.159000506469,2012.515246256006,2562.421591553046,3691.9950470376148,10793.715737341714
2020-10-06+4week,691.9067721185031,471.06996805653654,1063.6854244146941,14480.10895975142,4061.215358532829,1988.0277425817033,1000.7792162016224,571.1439267568612,4384.928922472686,2337.986024308967,2869.358426488095,1055.9412810916474,3589.6365634664544,2209.954346918893,1675.3062772035028,2681.062208855122,3311.199270710865,2028.659697150904,3286.557419342181,3736.1134527010045,12098.868729491109
2020-10-07+1week,955.1859771421815,783.5939447889878,1136.4271107115903,16664.66165059103,5351.811005188365,2401.4735692887543,1003.4608264688734,783.278343501125,5902.314230075734,2287.772382624481,3646.662972585344,1198.7504394058517,4079.763145053004,2870.158938586325,2539.9026196772456,2858.3663071959236,3175.2817248953925,2173.0420337184382,1866.2332336780642,3901.3561312161296,11093.02243882127
2020-10-07+2week,1092.25820092972,502.68162760160817,1057.894860818531,15982.77800361054,5284.767044045273,1947.7695073451528,964.8111281187603,739.1939316787789,7368.173761694833,2216.771406021789,3418.913327941761,1060.28331662622,4862.288082678519,2304.3550781271233,1807.0107445171634,2710.237104204598,3591.159000506469,2019.3811857254987,2372.6188938757764,3758.8289878808428,10779.415814885853
2020-10-07+4week,698.2871652866296,497.78105334496064,1139.2702628101736,19584.47532736668,4061.215358532829,1949.1711832857732,1198.5507315820537,562.8541421102939,4232.280943390709,2316.1423542154357,2831.329510550611,1010.9523222766003,3517.583560384556,2209.954346918893,1679.4580773167993,2636.1843499433226,3414.192225446987,2032.1902057947116,3292.6661527608994,3728.7641962758503,12117.570573801302
2020-10-08+1week,1048.8333241468843,709.5838478275027,1081.5208551806081,15762.783934783882,4756.104835421749,2170.4646460303748,1005.853804182461,691.1233501774728,5833.104236957063,2295.3210079610344,2745.4955784114845,1233.526403423732,4340.122954128749,2954.7784849834743,2190.2878612411687,2446.965552153643,3175.2817248953925,2152.3889699799624,1863.0624939898516,3595.4891122400713,10829.100249860954
2020-10-08+2week,1059.5760799553927,616.3991648945822,1025.4385291431217,16294.344991331076,4337.0135114402165,1765.8549807776224,1064.1748977977113,588.3989606746941,7792.016711111885,2228.791627931247,3449.7113668433058,1146.1491592830114,4945.683741117687,2303.407873119847,1686.0711268865534,2794.151909203257,3591.159000506469,1996.3045848333552,2101.544916985739,3627.6345944807654,10356.783259029651
2020-10-08+4week,642.7626350882161,469.0501473319219,1007.7185218933091,20351.542317133903,4056.8039054571313,1995.7488459402737,1110.7628872899493,518.4653679915942,3969.9365207010187,2558.953341034804,2885.081637002977,1155.6150981620483,3489.5501192458355,2214.6162464739627,1679.4580773167993,2710.294693131823,3436.9377134717056,2097.2983119910214,3319.092963928073,3852.2203731381233,11918.337668338483
2020-10-09+1week,1045.5383273820166,695.6487099015599,1119.4834922956345,18273.541096791752,5160.731313577292,2218.4637373169635,992.9325884701049,725.9782367795125,5867.905406459177,2220.8318899392407,2919.62832402564,1177.207005013701,4139.394692435759,3014.4329018310655,2015.6762105596736,2480.2215925607156,3175.2817248953925,2211.0429380575433,1855.641396642521,3756.58371779215,10780.039264641124
2020-10-09+2week,1047.0229629680457,616.1210028757496,1051.7926271002411,16877.64914137356,4760.74380511137,1776.2076404163279,1032.759079468242,597.3292628789015,7692.299329501515,2192.457904315682,3310.61852074969,1255.6133015979074,4785.36610370982,2307.249819305579,1691.2784710030483,2770.5551581475593,3599.720263102855,2021.4381341553,2030.369635569227,3669.691353239153,10302.450252522665
2020-10-09+4week,657.5884639657681,469.1964288391955,1036.7207976503612,16361.528755549536,4056.8039054571313,2039.3000731349023,1075.3097318125374,527.7237043033239,3975.685858131284,2567.5076994508686,2889.9760736062685,1122.6199696936803,3466.451741076232,2214.6162464739627,1679.4580773167993,2705.4462696768633,3417.44613482373,2100.087517809973,3034.576526768595,3852.2203731381233,11865.842375517352
2020-10-10+1week,1032.7003115691168,645.1583573613403,1116.7344133282072,17639.008979481838,5247.942301226066,2488.942313077645,923.4022407414941,718.6430294939015,5826.0303468049215,2145.2437951075603,3167.30634559919,1193.7424320791522,4180.028709363871,2902.61441584862,1972.3127280629942,2848.5198387415066,3175.2817248953925,2147.030802408222,1851.5803807965679,3576.994656923033,10053.754500493338
2020-10-10+2week,1060.3977663379653,510.5916441064299,1063.2103439740376,17130.712862376695,4760.166272895164,2022.1040763875155,999.5825238547953,592.1175034184428,7704.262274123792,2351.46077897019,3455.7746719378906,1236.5518781452095,4838.677504094166,2312.8250808937933,1689.3138788750553,2774.797855255191,3591.159000506469,1997.6279584426643,1935.3203303248965,3545.03770270386,10285.390954346924
2020-10-10+4week,636.6053622553776,497.7593448795311,1045.067389776249,17332.48676544414,4056.8039054571313,1886.5364744595543,1052.202257001674,558.9237595965926,3822.08833063033,2531.1692612269526,2866.1573879294688,1158.9145577875329,3460.0723058312915,2214.6162464739627,1679.4580773167993,2570.4632955253364,3383.3866741617244,2066.322723573176,2880.5920361451012,3851.3238254117246,11917.780296107365
2020-10-11+1week,1154.09598802495,603.204990923131,1185.2124430053316,17919.264843690053,4948.6052156140995,2229.838116089507,907.5508894066317,738.77449982855,5868.563974711309,2539.2969221234202,2886.117996533788,1445.7015263615453,4103.871258926329,2942.8034849382807,1770.4734524400033,2457.5810033710063,3175.2817248953925,1990.8380108405345,1873.1652132146776,3466.0088619812273,10069.719719239647
2020-10-11+2week,1080.2620344824218,590.4317442268788,1093.4534104975185,15817.232167360567,4835.489662625568,1734.1875772477158,944.2758069419687,578.6208179639523,7872.553809779159,2580.138406143543,3406.826096933247,1368.484318505082,5272.870521217651,2336.7642571235656,1689.646628426579,2754.8097097762698,3591.159000506469,1955.8449571844485,2168.675783635353,3887.4471008549026,9657.619788685739
2020-10-11+4week,636.6060992840246,464.50036828996434,1042.673760924591,18135.92077254456,4056.8039054571313,1830.1082997260764,971.4404421268798,563.3923186983403,4018.512355486981,2647.3046767872706,2904.5185491605866,1214.0038784638016,3691.606219135174,2214.6162464739627,1679.4580773167993,2689.830684481527,3414.140954707639,2035.2585361563242,3014.20508730737,3888.835311927014,11544.889156384595
2020-10-12+1week,1101.7803945314824,599.9781369777517,1137.2878443680283,17313.95348536909,5669.149513364699,2369.4613279214814,1093.4607430717374,842.3805248547634,5913.216935779928,2361.2950932072754,3577.415519700899,1568.8424362403553,4298.520809035215,2798.4994185016117,1908.7187672825075,3047.942625077931,3175.2817248953925,1967.240568104579,1840.915230848589,3795.566750966972,10651.797636149176
2020-10-12+2week,971.5294129327033,502.7085247445125,1080.0661403016836,14936.67472000576,5391.138600688082,1943.864541272067,1063.8462176621797,748.9660941500592,7212.617314975998,2628.5255324795307,3468.6756429145366,1532.9285038953326,4950.418257896351,2312.7550941203694,1788.9040428530443,2767.4917772153476,3603.568715073653,1874.242595183646,1970.7691677087264,3714.839171949844,10961.822216950948
2020-10-12+4week,677.7244259813336,554.524272751609,1168.3802423805962,16071.374029283981,4015.577217195393,1775.720121406141,1266.3504367783773,635.6370070859908,4060.5443131939605,2294.4651470672943,2947.3137940085385,1313.9729716779354,3489.6639374697347,2209.954346918893,1675.3062772035028,2562.323989934661,3422.78567992551,2017.05694318845,2899.208928720708,3736.1134527010045,12147.571281874003
2020-10-13+1week,951.8505055098761,562.5580853933972,1154.1673796310213,15951.283308066593,5617.603948431039,2397.135727233185,1002.0225590624739,844.6378368572646,5912.4065081985445,2325.100808006626,3593.9929464577535,1363.8295675713239,4375.108669419512,2962.9671307022686,1897.9211786937599,2986.6467697040557,3175.2817248953925,2038.2150645590575,1837.2842731424857,3644.3204190567435,10596.412863911803
2020-10-13+2week,959.1755202233248,492.1298050499058,1107.4934827121199,15927.637099847281,5292.7691947295125,2009.7146678335575,1009.0543598904686,739.8144243268239,7253.753059319489,2523.8744454611087,3341.4899005025986,1386.0080092522217,5044.172552489029,2315.198392014842,1762.1541183738716,2683.282289366229,3597.2513473199647,1861.8164365968712,1984.0247298935446,3640.1644764399734,10813.329061747896
2020-10-13+4week,668.8906150603088,522.9255933796184,1134.1077768950443,17714.73015234296,4061.215358532829,1873.7765677893726,1105.3778578872432,620.0781806909137,4097.7361213092545,2280.8399527286356,2873.393565823467,1338.6190719087338,3586.533668415462,2209.954346918893,1675.3062772035028,2625.8716504729136,3423.0376428105133,2010.239404437044,2883.4963231018205,3748.081214791468,12103.513966407123
2020-10-14+1week,871.5204817721763,576.5292663549383,1201.6091288122173,16352.223660789488,5555.137817311452,2397.5476140637493,1006.3975808580938,865.8359899556199,5905.604093417426,2330.438899461722,3612.1018814672843,1408.0959199558092,4477.437723917084,2914.1860325834887,1856.7982716370743,2960.3850696267764,3175.2817248953925,2070.0114075558904,1835.6769134563765,3464.807499911317,10381.644252936569
2020-10-14+2week,1044.3363298213878,486.56796325231517,1141.418230203635,15574.361741045395,5495.109361844842,2007.3037676087718,970.0949664922149,743.5948888984686,7226.476326854321,2598.9122737587386,3417.8528618311493,1381.691822950582,4856.42991648452,2318.142236289006,1774.6073183665999,2639.8891709606514,3604.534775381479,1838.278315606989,1908.1243858956639,3620.862533058561,10986.897757573659
2020-10-14+4week,720.9017770110894,510.2088504692583,1241.036596667467,18239.93182806121,4061.215358532829,1857.1948788661111,1074.183754657051,609.1320171213059,4114.850872448216,2204.9718275772116,2884.9042517984335,1245.7415401742173,3521.376235572745,2209.954346918893,1676.478777225914,2604.8844857318354,3424.76475813367,1998.2122149003214,2896.2632589923232,3735.2123048526555,12148.949514741893
2020-10-15+1week,821.7892482094729,561.8218906176311,1141.193292008996,16893.524108294478,5166.615814510747,2169.3616678783865,910.1866427520063,838.9621335761442,5891.377016034497,2750.5974025828345,3877.909639812659,1409.593866910153,4430.980638731844,2964.507703452272,1873.7691496593,2960.4590218858602,3175.2817248953925,2084.4342980988263,1821.7218595461607,3388.519432115312,10215.51469285562
2020-10-15+2week,1006.6007650540234,469.7372788458624,1154.1646733603343,14976.40263484108,5040.274321207457,1981.4004804152116,943.3629885158509,718.8141906233566,7342.850402096055,2387.033983005084,3474.145939649739,1326.822920622203,5121.353517943422,2309.2430484644824,1773.6919503486295,2768.4594688226657,3604.534775381479,1806.8503853913185,1979.934186609123,3705.252386806657,11303.774586306165
2020-10-15+4week,810.7048419436056,515.8655763575515,1182.8636760528623,20556.074700890207,4061.215358532829,1841.7488929885951,1079.8275475243925,585.046006647604,4297.296374445645,2462.8626912758323,2938.219726033909,1210.1771614585805,3504.983789853732,2211.1321464315824,1675.3062772035028,2657.275112445807,3577.605470826668,1976.9099022636583,2888.4635618895154,3859.0192056699702,12174.195736831969
2020-10-16+1week,794.1375402276061,575.5018064694515,1129.142655815831,17530.444291885015,5573.1516083237175,2229.5811878288046,939.1873109551083,848.1169406185488,5872.845823281259,2570.426218030603,3474.9396505904306,1363.6353777522124,4421.341325282786,2953.13637224756,1760.0408756664876,2971.016932850074,3182.779401634986,2113.917195284221,1857.2735519633711,3284.8233446120103,10403.36343051333
2020-10-16+2week,1057.9780662377107,456.18929066656926,1164.5244945354113,15949.497061388873,5291.220292581607,1978.4127730962798,940.0550807368085,738.9567534418152,7405.682043107287,2447.1100181425873,3190.7602615174237,1400.4159432926165,5034.096599136244,2312.364766635648,1691.5417493271739,2819.6479360745,3458.0313911373446,1778.4077066256498,1946.1589632940945,3674.433214193063,11325.326374466757
2020-10-16+4week,799.9154563190127,502.5305326690134,1195.6608107596637,20204.860643068732,4061.215358532829,1812.754049167677,1051.984871248515,575.7552265638335,4298.765279312072,2547.908454952003,2972.682988838476,1217.700438820123,3474.390976396701,2211.1321464315824,1675.3062772035028,2670.4178918147695,3623.462760976036,2002.2962724166923,2866.7859852803776,3845.0881683774005,12107.706186085688
2020-10-17+1week,785.9791051786681,573.3402619896917,1140.0940279323602,19286.390727538197,5482.256082813377,2446.934825119544,917.5779751071683,830.8634082499025,5844.104885855893,2657.4357863951327,3630.543256686546,1269.9831626758569,4386.815873512829,2910.207798679155,1752.9405548464165,2910.1051689048422,3182.779401634986,2105.2716214035745,1820.6954796422651,3262.2426160107984,10356.985992768914
2020-10-17+2week,919.0761749041259,444.56702232751945,1159.4331288345702,16111.45863015998,5254.195013035977,2024.3735086229028,992.5178942101162,738.510208078252,7390.375502123182,2552.3093397392704,3551.7555610772556,1239.3981951147948,5034.717573142883,2314.319709449299,1691.096789460672,2710.9996952968186,3426.1882893449188,1819.3159037593716,1932.3391323067558,3718.507423107333,11242.126753139843
2020-10-17+4week,818.1256522805768,487.89089155775577,1210.2026434622012,20606.56828234374,4061.215358532829,1811.30020413747,1128.7139669290907,599.0819900873971,4022.114266693943,2427.5191350328614,3046.075567739978,1108.1400427080964,3535.8502509285604,2211.1321464315824,1675.3062772035028,2592.876466241369,3524.162289167165,1982.430562195832,2798.068377154958,3862.6687940075217,11994.99552650165
2020-10-18+1week,801.5005560386601,573.4102514486084,1144.3949780540643,18456.073210543225,4907.932127492992,2013.031783574995,827.434347594584,756.3872924530817,5881.823084141093,2668.5717473991576,2645.8155329595625,1338.4737537083922,4457.254974369427,2943.1314457320095,1655.7030566367787,2458.1906862127407,3175.2817248953925,2045.8404988992054,1927.926270427555,3205.6599407497138,9935.013363605638
2020-10-18+2week,979.2664246234127,475.7269485098708,1102.9953262609906,15335.303969792425,4602.344141978029,1730.2666328580733,840.0138984911448,593.7212078378267,7800.154149763151,2678.769608260391,3136.4902083234388,1397.10456792407,5124.50678846838,2332.3452645952493,1685.8360926738917,2580.5544820349714,3433.471717406433,1816.158266262332,1854.5399476955613,3545.3165727844107,10618.928028484468
2020-10-18+4week,770.8538218983094,464.212846097788,1039.9076391118078,18817.37532099681,4056.8039054571313,1727.202012760922,887.4612941861574,561.6407373156293,4424.212278023033,2633.0832698196427,3003.1329110596794,1137.7457877510653,3784.0325695897236,2211.369501283104,1679.4580773167993,2710.142686870577,3595.158780118655,1973.3317398253268,2779.4538234910606,3940.629011616167,11714.847273752108
2020-10-19+1week,709.3345389772802,556.7756512381244,1105.4208033956115,16632.12320152609,5423.414633520369,2341.867977898329,994.2494378887121,858.3111033004176,5904.9319620241595,2467.3959006919263,3577.292002306638,1525.9420210017588,4259.7925809338,2810.194840765037,1662.5590545751897,3023.6210893823077,3175.2817248953925,1997.90507297137,1869.1887100947308,3309.8239205935643,10486.01619343449
2020-10-19+2week,759.3405891699083,447.94691751070565,1138.7303159688677,15590.22433459609,5564.33104490817,1982.590198425437,990.1119489106779,781.9415835256931,7115.839001452566,2502.6411759814637,3359.6584755782633,1495.3175533856538,4648.455392044536,2322.2295207400816,1688.6314520065002,2745.97841902768,3460.1632246503696,1809.0652079744377,1839.365412662887,3684.399896124131,11101.787632589994
2020-10-19+4week,708.5923216933817,473.13495748256827,1186.2575732191183,14172.236440252133,4015.577217195393,1798.6352239655007,1086.8122997063101,635.8022788673402,4204.153337162283,2307.9499070287,3048.2531709077193,1285.5044471115627,3558.1279338384593,2207.217309383498,1675.3062772035028,2609.2486851258495,3669.3988028546555,2017.2204840565394,2044.89090104944,3723.244542762192,11943.730525596136
2020-10-20+1week,543.569932688529,555.884552623026,1147.3224348954009,16163.085689737462,5419.042751436877,2443.1651813865233,914.2104864458407,813.9405453971773,5933.889107970721,2609.7339276411994,3528.054075934596,1364.7898678449371,4234.957894374365,2978.405378595349,1799.494304715752,2962.85016537201,3182.779401634986,2154.145912943469,1906.3440000747423,3250.689095269088,10425.006574614908
2020-10-20+2week,704.9375585149999,481.2888896601617,1119.8073514126138,13596.99634888531,5497.961197428933,2064.2629708885665,892.9012572079922,758.2851985896765,7086.1489072738495,2295.326208318452,3267.587392025647,1465.86207624999,4732.6760537072705,2315.01262118902,1706.5485085784012,2698.7564837477407,3496.784140999175,1792.262162812241,1807.6901438809261,3648.2094878650014,10950.986975747304
2020-10-20+4week,617.1959147659901,410.3106620540746,1133.322651605213,15297.93719122252,4061.215358532829,1896.7402260731324,967.9594099860844,615.7075932351441,4219.1235094981475,2627.993098992887,2937.4225361808344,1257.185230759226,3595.044010267484,2207.217309383498,1679.4580773167993,2660.209912097253,3660.913437232881,2010.661400730197,2066.464148465001,3733.774852951103,11963.321963900557
2020-10-21+1week,632.4097838671411,547.6276884214084,1174.9734939248026,16799.105284389534,5644.100168873846,2456.340549599035,845.9717895551084,768.1143609535692,6550.8846030117165,2600.1514615744427,3517.4304558500985,1382.7512858020996,3997.494186565946,3022.0911710716796,1794.916976552836,2793.08134043879,3200.830082295046,2138.516600622494,1908.4145285273933,3247.15927448443,10299.785120285856
2020-10-21+2week,757.9932732476345,456.4445309334935,1154.9377179068326,15319.793117184268,5532.997809284391,2070.0387834411945,830.917438327731,751.1380160051526,7099.644803437804,2306.2668804432124,3204.765544679452,1383.547579994465,4682.299543369055,2308.9737079732577,1701.4973134321963,2701.019277014932,3508.673902799768,1784.803576565251,1806.298938988623,3651.050594175057,11062.115514372606
2020-10-21+4week,662.1158745749515,414.6897257705843,1166.577870287342,18434.24445754937,4061.215358532829,1851.1851318566773,860.8354790939368,604.3668892438973,4053.6260525482635,2120.6148021361873,2924.0294294494533,1184.2540516998242,3502.7059476638433,2207.217309383498,1679.4580773167993,2651.709404545349,3670.0819415686924,2024.9554293363171,2084.5816504399,3718.311465944735,12033.266548275627
2020-10-22+1week,603.3098756321233,541.4251933790259,1149.2394630997806,16037.092304248747,5451.736659356542,2421.0486698637105,908.1319441188353,793.1237279373807,6814.309647316151,2715.07375912542,3070.769381667243,1394.7269050130617,4072.3464773027704,3031.482353676088,1853.5965238931924,2896.4781910762963,3208.3277590346393,2127.590945295537,1949.0313063460653,3208.7652901504416,10324.481861939614
2020-10-22+2week,760.3898086601462,466.88006163972676,1130.569845488355,16558.71944243941,5087.973655501721,2114.8887758247665,880.0892019560125,751.3042260261692,6897.266888107888,2416.4281822498283,3347.683328024407,1364.8293661572527,4594.77882704242,2316.1682374732254,1716.4861824745515,2786.671052365669,3616.424537182071,1816.7695208900293,1899.0756062520766,3816.9277016948417,10304.84865481524
2020-10-22+4week,721.7613707076029,468.8172623292451,1102.2475179207902,21536.791075885565,4061.215358532829,1877.6495489386027,866.2446995099101,594.7074248548813,4106.462126382425,2245.5211346586693,3007.0265857594372,1209.4552801585758,3656.8371051451595,2205.3884474269016,1675.3062772035028,2683.0232868850644,3683.507195585792,2011.597289799329,2121.6417704338683,3767.9504747766828,11357.093924713035
2020-10-23+1week,606.3030261422393,525.4915469304092,1172.8949954687525,16443.38080899975,5602.908888662476,2470.4668997780564,867.2606230139842,780.5613400281678,6760.029681992423,2513.2785832926925,3088.575550815499,1329.6475108980608,4325.44016663009,3092.069959978634,1723.3987748992827,2883.9375901114804,3195.824474197674,2160.5026799911175,1979.68783790336,3172.0355107875785,10219.351615891184
2020-10-23+2week,782.172212880194,449.33928522379335,1145.1195985848228,15503.981464990253,5616.162265114744,2151.5558674354907,856.6265168576966,734.4343114995961,6996.643077342039,2497.038070431289,3590.4619493137357,1404.142644156378,4571.315990008361,2322.7331807541605,1722.8860425827545,2762.346235328527,3613.096037977865,1824.8733006224877,1896.240024688137,3822.841187469673,10488.16829608722
2020-10-23+4week,690.6574598567031,491.1406859156449,1134.3092837816532,22012.564541021842,4061.215358532829,1889.8587780370979,847.4265330775067,574.6788328864143,4092.541549347664,2209.307320556835,2973.8551692834158,1217.4569364059066,3619.073332323321,2206.2506887473633,1679.4580773167993,2713.1007123106374,3683.7591584707952,2027.3577641868126,2147.9483092342184,3806.8637494865493,11365.244467655248
2020-10-24+1week,611.6534721997615,559.1715842775302,1200.265018821414,18678.651140391,5587.933878889024,2533.883771914413,879.4297541140686,797.5385576133075,6182.146744321971,2609.4557088420183,4081.4069998876575,1332.7269311930593,4219.6041798087745,3119.0458349364912,1787.8201040952943,2836.218311017663,3202.6073864131813,2122.389011315101,1896.4720846107036,3134.2089246050546,10071.138856400195
2020-10-24+2week,707.922981123166,439.97223147991053,1173.7518944076683,17644.43033451581,5437.578665179024,2135.0946625496003,865.8552662003561,742.1039971669422,6922.593732238289,2463.324639097798,3816.769469549218,1282.8816211231394,4554.210543029702,2320.9468838434086,1722.8860425827545,2659.063298484172,3604.534775381479,1803.332636556058,1776.2547029140671,3826.0982549092832,10503.688170973213
2020-10-24+4week,734.9732000540693,434.3729614490648,1147.483402522573,19699.292038633055,4061.215358532829,1951.5006539457388,849.8938223249039,605.0018422126759,3972.828275420856,2284.0441986840383,3066.1685537805083,1133.7444421325836,3641.464192486649,2205.3884474269016,1675.3062772035028,2639.782333670901,3704.8164691872844,2016.440821176705,2059.319595013542,3769.6915639853764,11447.05173268801
2020-10-25+1week,599.9568622823275,545.6912645511056,1134.0041530044734,18163.89553331216,4634.411009871788,1983.587365253357,817.6246670984485,745.284642547429,5830.958559756205,2651.3004027837246,2833.9729627570537,1448.1722537962792,4210.243261054202,3106.456965486701,1745.7370043825124,2402.422249875005,3182.779401634986,1982.1961275820534,1940.6935415833454,3141.3689084201883,9813.649683492731
2020-10-25+2week,775.3242199328839,457.89315829292906,1111.9184598536306,15019.597139052303,4527.545064017605,1887.7646923242708,861.8503018065164,592.734635668948,7647.457759520314,2585.198364295383,3352.6437570108546,1371.4538592556132,4868.9573237737295,2315.522012524032,1711.2041990596742,2542.559778338386,3604.534775381479,1865.3733095865168,1844.939467324231,3755.185345144534,10324.8912594394
2020-10-25+4week,831.6674993781282,412.2937569059645,1057.971390219359,18415.99801702104,4056.8039054571313,1759.1099684353155,812.3177016538092,558.5784567378282,4392.594292976705,2734.596917942013,3046.352720401989,1150.7087694451823,3685.667116432566,2211.369501283104,1679.4580773167993,2728.8666083094936,3684.648457016405,1984.1070987800983,2151.907969540578,3948.735009400121,11003.231315688201
2020-10-26+1week,529.3047031643355,569.9359652160397,1142.983318484305,16401.29522252195,5757.105305117421,2446.049610970238,981.0904818130796,868.4309582622359,5886.242656201607,2550.04963461933,4008.293820652273,1543.1777511930634,4451.216685977319,2984.8284398239143,1881.1867394018318,3002.714260854427,3182.779401634986,2073.2080756899772,1862.1908380894752,3232.2985997927176,10209.630791922025
2020-10-26+2week,654.5598308251863,456.1200439514305,1151.1676773297554,16626.10410742692,5509.663064276786,1999.2397578097207,913.2806848767439,794.240247259045,6995.097058416938,2622.5566194490843,3630.4078488702867,1483.5443879829372,4441.26157953125,2311.1732804067415,1719.699006665094,2700.3258316320075,3609.135524677394,1848.8774144859854,1868.7780958194678,3698.850895736965,11199.9553551615
2020-10-26+4week,646.6931630775805,410.262725925462,1144.6512361179525,19559.506051617216,4015.577217195393,1924.0800205990176,906.1677505743502,625.8935896000152,4065.4061883444165,2161.086527693599,3070.297272543392,1291.9764948043965,3489.907618702219,2206.2506887473633,1679.4580773167993,2719.0801051687595,3695.396569259762,2012.0887999860001,2060.2702637443936,3713.048558023344,12094.742392296408
2020-10-27+1week,511.7307561957992,611.6329019263602,1159.632961397691,15809.569308289078,5798.873148801538,2509.4787587559977,911.9739720906155,825.5277123887504,5905.394099767228,2634.620974109404,3813.5722056808563,1397.767179466809,4484.020974608369,3124.173289689608,1689.8195045724983,2956.5912586413037,3182.779401634986,2122.094430651661,1894.2247023894147,3168.07590529287,10198.00629060512
2020-10-27+2week,617.6348949441266,466.3056624330588,1148.3615979941358,14827.489941978964,5548.739877622438,2083.791295978821,851.4001415682634,768.9890334565237,7171.280210007478,2486.599681442075,3333.3444688597206,1350.4290748951937,4636.4876765778645,2308.090622598173,1682.1486384590041,2613.4777944331126,3613.096037977865,1874.5035402419192,1904.2250693202152,3626.65977931418,10785.291157779424
2020-10-27+4week,554.998968206659,395.0820308627577,1137.753908198316,18183.647738679658,4061.215358532829,1906.4605321097006,953.920401548835,607.3256388074435,4141.202774946356,2078.3346060506874,2967.2553926588116,1208.7446419227028,3577.3489522050754,2206.2506887473633,1676.478777225914,2715.3799431152206,3385.78904053346,1995.807129940482,2054.5058132822523,3725.9174679621565,11983.900411799805
2020-10-28+1week,522.5036583825739,606.3992112400509,1180.8909704326154,17598.297250752043,5541.099534722243,2499.6356663831702,833.0903516355964,788.9359298790805,6098.811002889128,2438.4800541538207,3781.365551232566,1382.4772708853438,4173.160600957397,3029.7281117516063,1922.46355996011,2832.315651704109,3175.2817248953925,2066.4788656833925,1885.1044850618612,3126.3476382524354,10242.68630280402
2020-10-28+2week,655.1308124536531,458.27753937619525,1151.8942552523451,17144.23648400544,5597.367242350001,1993.4907404128257,838.1465454891883,760.8191455505128,7185.426317350394,2458.293919167366,3275.272517257724,1255.782707435776,4580.748778368714,2299.030267828029,1699.045864475044,2602.910809729626,3613.096037977865,1838.6638739740945,1920.3371998941132,3619.533424279717,10875.391149152856
2020-10-28+4week,599.8691092910016,401.530042724913,1157.0563187211376,17277.68283870136,4061.215358532829,1839.2818148505812,886.5421691891083,596.6205388116482,4099.536618491021,2013.981442128047,2926.0598105209738,1189.3824046408283,3517.512848574903,2208.0795507039597,1676.478777225914,2645.729633983522,3337.6535410563897,2001.8329027152563,2060.679734307252,3774.82885035001,12135.970165475343
2020-10-29+1week,532.3896085210666,570.4517213856028,1160.5215390702938,16793.104292549786,5348.310845723251,2451.0724837963053,816.49356168558,799.5201553320597,6101.507968110532,2477.39157515685,4035.541076398592,1392.1598775704479,4087.84169569242,2911.616053750075,1934.7054622676148,2842.874601292977,3182.779401634986,2148.3464115690003,1856.4985782392057,3134.9026727780765,10679.161185150482
2020-10-29+2week,641.8668135827147,479.99701099400914,1124.427395458917,18292.34919270476,5036.455485965451,2042.894137367941,841.3376790592131,739.5571480795558,7009.398815357109,2482.9498421263493,3554.665270097445,1268.4482348368845,4536.730629424504,2293.5863362138534,1716.4032366256085,2745.5772587278802,3613.096037977865,1862.634633058193,1897.2918015233656,3510.1336614586603,11105.0435673142
2020-10-29+4week,606.1047070080891,405.61852091897305,1137.759654278353,21816.98622965854,4061.215358532829,1853.1013221657693,809.6638292588469,581.0998603669972,4046.404301022687,2034.7087615756832,3013.6952040670712,1163.6883614652045,3472.3653308772587,2206.2506887473633,1675.3062772035028,2688.620604621185,3614.5161740666554,2004.3956384569858,2048.904107242814,3728.1082399047314,12164.034672419491
2020-10-30+1week,510.17615596513474,560.2131482374034,1173.0689778687547,15498.917774151681,5588.248631572654,2502.244206203177,819.8137207487537,784.1665961054704,6214.313242333274,2443.057372734817,3892.197964797541,1277.7973453550253,3982.6759573726185,2906.436802532606,1885.6436175894476,2858.8094786747333,3182.779401634986,2195.533406490991,1881.7689655066902,3149.137550811367,10609.048749155934
2020-10-30+2week,649.7408259143048,490.4610730361872,1147.0566958499899,17073.285821063106,5383.14682051205,2053.6499684067585,874.2236755690307,760.0642360699918,7205.58709754187,2350.0093411517228,3384.5015851357325,1224.1626070322752,4458.116935967809,2296.8425396327584,1716.8763267743648,2709.174651746686,3613.096037977865,1809.3320137893925,1927.9013382793826,3616.1489075384584,11164.990308811726
2020-10-30+4week,597.6810132921117,406.8093275977593,1204.9677727557425,19992.554206183548,4061.215358532829,1834.7936793244291,777.218791909233,566.2766145384578,3972.4537556936784,1978.122949690291,3040.183893255648,1165.1760748762404,3423.1253705861445,2206.2506887473633,1675.3062772035028,2687.789281664588,3639.9993217445335,2031.7503027771465,2051.9299186151384,3810.1321205952286,12107.473768026503
2020-10-31+1week,508.9769415605439,532.4061059284281,1177.5885447488984,19198.37763214729,5599.341390639936,2532.2252621756224,849.552460338532,782.5484611942285,5950.644349972057,2396.875478334121,4198.355668106602,1149.211615057954,3875.0322664501805,2946.7768086836154,1946.6139176246224,2796.417593776391,3182.779401634986,2130.1050429188617,1839.0605760378576,3299.0827108777316,10784.531394506632
2020-10-31+2week,642.4957603168124,467.16869072947145,1141.3740298041491,18124.011923077433,5490.816208095007,2038.1899397408704,880.220635490543,744.3953380307987,6925.621622376795,2307.6881046677277,3700.813729831652,1108.2473989814666,4442.903732234907,2303.491977419793,1720.108129625565,2585.597720804974,3604.534775381479,1805.485968235496,1863.5070105006073,3635.9777849267043,11291.443592716334
2020-10-31+4week,609.4963495628755,389.09958727016686,1170.9524651814124,19729.816875227025,4061.215358532829,1829.160869625048,783.88700219216,608.2874911442829,3813.151335622549,1996.5391871200554,3081.8781848736317,1028.712584578353,3410.67319051251,2205.3884474269016,1675.3062772035028,2631.815810543058,3624.2700830770896,2011.919236383034,2038.9788331948996,3782.2716300573165,12124.298792355541
2020-11-01+1week,513.6614907166528,518.3207113424467,1177.4683010640483,16905.954408043584,4897.579708761858,1982.4672218225962,798.2544121597676,763.4630093468394,5928.506826796894,2675.503177718222,3089.324774341787,1269.22557789483,3998.4236758603606,2674.193348766109,1874.0620466096973,2344.3777005837346,3182.779401634986,2044.9097348268933,1917.7719442251198,3653.32842038002,10319.38371971239
2020-11-01+2week,740.4459075729619,463.1510978071926,1140.4574097243353,16465.5787188086,4606.486706093213,1744.7552892681945,833.7225631995328,599.7919767401531,7768.927922702131,2622.109680515259,3593.047986892484,1282.1312295180178,4765.693462418348,2317.0052559833816,1692.2944466324866,2606.6119185302105,3598.4424285679834,1874.4447222943159,1864.8423428797448,3755.185345144534,10569.099231689817
2020-11-01+4week,796.575493854412,406.9941973514162,1072.677459706934,18665.711034888776,4056.8039054571313,1716.513377936545,797.5895828595714,560.8602934747852,4347.303306741988,2784.9189626571365,3044.439936721931,1131.944814679973,3649.6203280132054,2211.369501283104,1679.4580773167993,2729.6782265929687,3625.776611432637,1982.6635898705172,2144.357340070096,3952.0534185572383,11033.31753045878
2020-11-02+1week,489.01519531962623,549.2582432994831,1181.2648298642011,19265.19226208982,5589.355130995694,2367.5356068476804,930.2362296271792,871.6223313393491,5926.361473756211,2491.299738400218,3959.5628736240546,1354.9179591661891,4259.134228027541,2680.604051533819,1860.2158221744291,2976.8359333992285,3182.779401634986,1961.0493122683088,1831.245529439596,3500.904247903843,10699.596491383058
2020-11-02+2week,669.8810942984026,456.4240757713584,1144.6946449809864,14736.742180432813,5725.063153660649,1990.3018925962886,929.2308025828997,774.6010940509709,7105.103579805942,2522.7587716648504,3978.0695229813705,1452.027210121756,4535.190642773964,2305.706225841154,1704.740608976001,2693.6952916698488,3595.7597498023842,1837.761677800699,1935.0796274816862,3706.789325548682,11426.342930387264
2020-11-02+4week,618.3002620951261,389.4919222039815,1194.1410991055366,18376.843962972096,4015.577217195393,1815.3237938474238,859.2043964086114,645.9974778334048,3967.4681693273833,1981.7805085547323,3058.8695063641517,1267.9150144383495,3430.2959525280694,2205.3884474269016,1676.478777225914,2660.416161660521,3518.357116884651,2006.268976226972,2040.594126711385,3807.71862192874,12044.389961366915
2020-11-03+1week,479.6533990711111,595.9071185298528,1152.6413223680686,17575.107403327933,5802.992910570928,2443.513221232959,894.0391897081787,873.4441881578929,5998.494446030646,2412.4504488565703,3893.3396303523273,1254.1433744421947,4018.338538227286,2844.709354569332,1875.19598601765,2940.106735622868,3182.779401634986,2143.496993488674,1876.2643898826532,3493.0054178553273,10880.848276695278
2020-11-03+2week,609.3252842275651,463.9711980967714,1155.484728693122,14937.531524617929,5438.19952708122,2062.024733854752,858.9028538360593,764.6089386765553,7251.367089468233,2360.466715523119,3786.00071973489,1315.2746795587113,4656.532644382214,2306.6487531154053,1687.732802511964,2649.475558628702,3591.159000506469,1860.8636362451855,1939.6910925284553,3632.9056238751223,11156.681091507156
2020-11-03+4week,517.640847175492,382.382080744544,1223.6304969032637,18430.613127423225,4061.215358532829,1890.4893048130532,866.6201894154076,611.8738898825262,4106.165958243835,1999.2360519967617,2977.7359640259665,1188.2802171423307,3527.2478319057664,2206.2506887473633,1676.478777225914,2690.8062562024993,3468.9919586994583,1986.8911699470173,2075.943172872206,3795.0090624038844,11948.910199228645
2020-11-04+1week,495.68983617646023,567.6219215194376,1178.4768379081881,19999.500404841114,5688.565892952396,2438.6491566289887,815.7914538503148,863.1832629842246,5823.92749104855,2363.9337567172656,3748.0379001883593,1201.2045608272083,4004.7968728636174,2745.6620359214958,1861.4000645032675,2741.2589015536264,3175.2817248953925,2113.0691658852725,1822.6305802424852,3507.59951055302,10923.373461069285
2020-11-04+2week,622.4544009039627,461.080309510051,1155.6085475537534,16335.274343996305,5518.290517511848,2007.4143626684138,863.6001616812048,746.5315251779899,7136.914606717952,2248.844657197983,3709.156122224587,1242.5052108839861,4578.75625761878,2302.5661165019333,1690.9422922166896,2650.0983485367306,3591.159000506469,1818.206463277497,1929.243732950443,3690.4295229201894,11355.507755832183
2020-11-04+4week,571.9015900103115,384.5050383235938,1233.816865777256,15547.091269899616,4061.215358532829,1884.4783073301044,891.5930036152591,603.1852651966815,4081.8639018643325,1970.0330088034132,2953.0828373073373,1152.7497698012135,3497.621681673443,2207.217309383498,1676.478777225914,2630.265963589196,3417.851776285901,2007.9434851432407,2053.111618757306,3819.0833401602113,12077.148723814083
2020-11-05+1week,506.1249846826709,560.1880976511572,1166.2399359658184,18511.81602481138,4733.992745303144,2445.8804910569033,806.3524225355048,843.4927826599494,5786.469182741141,2349.425844770038,4173.541292008939,1126.8072420659291,4015.115731671771,2753.7488235526516,1732.485162725661,2761.6306227873547,3182.779401634986,2152.545290778623,1855.404794243074,3621.945207853404,11008.696023290444
2020-11-05+2week,622.3465831142356,476.27310876493436,1116.3007538465074,17908.70036912331,4794.8300379990715,2030.9441491300756,861.796265557653,731.3628377663917,6969.0332196710115,2363.1909710734203,3925.261047153954,1259.2538582562102,4516.979010454878,2296.9790506022805,1694.2089538196417,2734.7601194809426,3597.2513473199647,1833.98990633428,1952.821664407197,3694.351967962886,11226.999508415163
2020-11-05+4week,580.4149771198926,392.2864828968736,1157.1184817707808,21143.41345917463,4061.215358532829,1922.2141984956272,814.6263507662192,579.1093220591422,3949.3059084506363,1868.4121132296327,2992.645969451284,1154.2111551354092,3466.1859381952577,2207.217309383498,1679.4580773167993,2658.4393248572987,3468.195385918874,1996.6866099049648,2071.211131382469,3801.969642896812,12113.652765099228
2021-09-28+1week,0.0,0.0,0.0,0.0,0.0,0.0,0.0,0.0,0.0,0.0,0.0,0.0,0.0,0.0,0.0,0.0,0.0,0.0,0.0,0.0,0.0
2021-09-28+2week,0.0,0.0,0.0,0.0,0.0,0.0,0.0,0.0,0.0,0.0,0.0,0.0,0.0,0.0,0.0,0.0,0.0,0.0,0.0,0.0,0.0
2021-09-28+4week,0.0,0.0,0.0,0.0,0.0,0.0,0.0,0.0,0.0,0.0,0.0,0.0,0.0,0.0,0.0,0.0,0.0,0.0,0.0,0.0,0.0
2021-09-29+1week,0.0,0.0,0.0,0.0,0.0,0.0,0.0,0.0,0.0,0.0,0.0,0.0,0.0,0.0,0.0,0.0,0.0,0.0,0.0,0.0,0.0
2021-09-29+2week,0.0,0.0,0.0,0.0,0.0,0.0,0.0,0.0,0.0,0.0,0.0,0.0,0.0,0.0,0.0,0.0,0.0,0.0,0.0,0.0,0.0
2021-09-29+4week,0.0,0.0,0.0,0.0,0.0,0.0,0.0,0.0,0.0,0.0,0.0,0.0,0.0,0.0,0.0,0.0,0.0,0.0,0.0,0.0,0.0
2021-09-30+1week,0.0,0.0,0.0,0.0,0.0,0.0,0.0,0.0,0.0,0.0,0.0,0.0,0.0,0.0,0.0,0.0,0.0,0.0,0.0,0.0,0.0
2021-09-30+2week,0.0,0.0,0.0,0.0,0.0,0.0,0.0,0.0,0.0,0.0,0.0,0.0,0.0,0.0,0.0,0.0,0.0,0.0,0.0,0.0,0.0
2021-09-30+4week,0.0,0.0,0.0,0.0,0.0,0.0,0.0,0.0,0.0,0.0,0.0,0.0,0.0,0.0,0.0,0.0,0.0,0.0,0.0,0.0,0.0
2021-10-01+1week,0.0,0.0,0.0,0.0,0.0,0.0,0.0,0.0,0.0,0.0,0.0,0.0,0.0,0.0,0.0,0.0,0.0,0.0,0.0,0.0,0.0
2021-10-01+2week,0.0,0.0,0.0,0.0,0.0,0.0,0.0,0.0,0.0,0.0,0.0,0.0,0.0,0.0,0.0,0.0,0.0,0.0,0.0,0.0,0.0
2021-10-01+4week,0.0,0.0,0.0,0.0,0.0,0.0,0.0,0.0,0.0,0.0,0.0,0.0,0.0,0.0,0.0,0.0,0.0,0.0,0.0,0.0,0.0
2021-10-02+1week,0.0,0.0,0.0,0.0,0.0,0.0,0.0,0.0,0.0,0.0,0.0,0.0,0.0,0.0,0.0,0.0,0.0,0.0,0.0,0.0,0.0
2021-10-02+2week,0.0,0.0,0.0,0.0,0.0,0.0,0.0,0.0,0.0,0.0,0.0,0.0,0.0,0.0,0.0,0.0,0.0,0.0,0.0,0.0,0.0
2021-10-02+4week,0.0,0.0,0.0,0.0,0.0,0.0,0.0,0.0,0.0,0.0,0.0,0.0,0.0,0.0,0.0,0.0,0.0,0.0,0.0,0.0,0.0
2021-10-03+1week,0.0,0.0,0.0,0.0,0.0,0.0,0.0,0.0,0.0,0.0,0.0,0.0,0.0,0.0,0.0,0.0,0.0,0.0,0.0,0.0,0.0
2021-10-03+2week,0.0,0.0,0.0,0.0,0.0,0.0,0.0,0.0,0.0,0.0,0.0,0.0,0.0,0.0,0.0,0.0,0.0,0.0,0.0,0.0,0.0
2021-10-03+4week,0.0,0.0,0.0,0.0,0.0,0.0,0.0,0.0,0.0,0.0,0.0,0.0,0.0,0.0,0.0,0.0,0.0,0.0,0.0,0.0,0.0
2021-10-04+1week,0.0,0.0,0.0,0.0,0.0,0.0,0.0,0.0,0.0,0.0,0.0,0.0,0.0,0.0,0.0,0.0,0.0,0.0,0.0,0.0,0.0
2021-10-04+2week,0.0,0.0,0.0,0.0,0.0,0.0,0.0,0.0,0.0,0.0,0.0,0.0,0.0,0.0,0.0,0.0,0.0,0.0,0.0,0.0,0.0
2021-10-04+4week,0.0,0.0,0.0,0.0,0.0,0.0,0.0,0.0,0.0,0.0,0.0,0.0,0.0,0.0,0.0,0.0,0.0,0.0,0.0,0.0,0.0
2021-10-05+1week,0.0,0.0,0.0,0.0,0.0,0.0,0.0,0.0,0.0,0.0,0.0,0.0,0.0,0.0,0.0,0.0,0.0,0.0,0.0,0.0,0.0
2021-10-05+2week,0.0,0.0,0.0,0.0,0.0,0.0,0.0,0.0,0.0,0.0,0.0,0.0,0.0,0.0,0.0,0.0,0.0,0.0,0.0,0.0,0.0
2021-10-05+4week,0.0,0.0,0.0,0.0,0.0,0.0,0.0,0.0,0.0,0.0,0.0,0.0,0.0,0.0,0.0,0.0,0.0,0.0,0.0,0.0,0.0
2021-10-06+1week,0.0,0.0,0.0,0.0,0.0,0.0,0.0,0.0,0.0,0.0,0.0,0.0,0.0,0.0,0.0,0.0,0.0,0.0,0.0,0.0,0.0
2021-10-06+2week,0.0,0.0,0.0,0.0,0.0,0.0,0.0,0.0,0.0,0.0,0.0,0.0,0.0,0.0,0.0,0.0,0.0,0.0,0.0,0.0,0.0
2021-10-06+4week,0.0,0.0,0.0,0.0,0.0,0.0,0.0,0.0,0.0,0.0,0.0,0.0,0.0,0.0,0.0,0.0,0.0,0.0,0.0,0.0,0.0
2021-10-07+1week,0.0,0.0,0.0,0.0,0.0,0.0,0.0,0.0,0.0,0.0,0.0,0.0,0.0,0.0,0.0,0.0,0.0,0.0,0.0,0.0,0.0
2021-10-07+2week,0.0,0.0,0.0,0.0,0.0,0.0,0.0,0.0,0.0,0.0,0.0,0.0,0.0,0.0,0.0,0.0,0.0,0.0,0.0,0.0,0.0
2021-10-07+4week,0.0,0.0,0.0,0.0,0.0,0.0,0.0,0.0,0.0,0.0,0.0,0.0,0.0,0.0,0.0,0.0,0.0,0.0,0.0,0.0,0.0
2021-10-08+1week,0.0,0.0,0.0,0.0,0.0,0.0,0.0,0.0,0.0,0.0,0.0,0.0,0.0,0.0,0.0,0.0,0.0,0.0,0.0,0.0,0.0
2021-10-08+2week,0.0,0.0,0.0,0.0,0.0,0.0,0.0,0.0,0.0,0.0,0.0,0.0,0.0,0.0,0.0,0.0,0.0,0.0,0.0,0.0,0.0
2021-10-08+4week,0.0,0.0,0.0,0.0,0.0,0.0,0.0,0.0,0.0,0.0,0.0,0.0,0.0,0.0,0.0,0.0,0.0,0.0,0.0,0.0,0.0
2021-10-09+1week,0.0,0.0,0.0,0.0,0.0,0.0,0.0,0.0,0.0,0.0,0.0,0.0,0.0,0.0,0.0,0.0,0.0,0.0,0.0,0.0,0.0
2021-10-09+2week,0.0,0.0,0.0,0.0,0.0,0.0,0.0,0.0,0.0,0.0,0.0,0.0,0.0,0.0,0.0,0.0,0.0,0.0,0.0,0.0,0.0
2021-10-09+4week,0.0,0.0,0.0,0.0,0.0,0.0,0.0,0.0,0.0,0.0,0.0,0.0,0.0,0.0,0.0,0.0,0.0,0.0,0.0,0.0,0.0
2021-10-10+1week,0.0,0.0,0.0,0.0,0.0,0.0,0.0,0.0,0.0,0.0,0.0,0.0,0.0,0.0,0.0,0.0,0.0,0.0,0.0,0.0,0.0
2021-10-10+2week,0.0,0.0,0.0,0.0,0.0,0.0,0.0,0.0,0.0,0.0,0.0,0.0,0.0,0.0,0.0,0.0,0.0,0.0,0.0,0.0,0.0
2021-10-10+4week,0.0,0.0,0.0,0.0,0.0,0.0,0.0,0.0,0.0,0.0,0.0,0.0,0.0,0.0,0.0,0.0,0.0,0.0,0.0,0.0,0.0
2021-10-11+1week,0.0,0.0,0.0,0.0,0.0,0.0,0.0,0.0,0.0,0.0,0.0,0.0,0.0,0.0,0.0,0.0,0.0,0.0,0.0,0.0,0.0
2021-10-11+2week,0.0,0.0,0.0,0.0,0.0,0.0,0.0,0.0,0.0,0.0,0.0,0.0,0.0,0.0,0.0,0.0,0.0,0.0,0.0,0.0,0.0
2021-10-11+4week,0.0,0.0,0.0,0.0,0.0,0.0,0.0,0.0,0.0,0.0,0.0,0.0,0.0,0.0,0.0,0.0,0.0,0.0,0.0,0.0,0.0
2021-10-12+1week,0.0,0.0,0.0,0.0,0.0,0.0,0.0,0.0,0.0,0.0,0.0,0.0,0.0,0.0,0.0,0.0,0.0,0.0,0.0,0.0,0.0
2021-10-12+2week,0.0,0.0,0.0,0.0,0.0,0.0,0.0,0.0,0.0,0.0,0.0,0.0,0.0,0.0,0.0,0.0,0.0,0.0,0.0,0.0,0.0
2021-10-12+4week,0.0,0.0,0.0,0.0,0.0,0.0,0.0,0.0,0.0,0.0,0.0,0.0,0.0,0.0,0.0,0.0,0.0,0.0,0.0,0.0,0.0
2021-10-13+1week,0.0,0.0,0.0,0.0,0.0,0.0,0.0,0.0,0.0,0.0,0.0,0.0,0.0,0.0,0.0,0.0,0.0,0.0,0.0,0.0,0.0
2021-10-13+2week,0.0,0.0,0.0,0.0,0.0,0.0,0.0,0.0,0.0,0.0,0.0,0.0,0.0,0.0,0.0,0.0,0.0,0.0,0.0,0.0,0.0
2021-10-13+4week,0.0,0.0,0.0,0.0,0.0,0.0,0.0,0.0,0.0,0.0,0.0,0.0,0.0,0.0,0.0,0.0,0.0,0.0,0.0,0.0,0.0
2021-10-14+1week,0.0,0.0,0.0,0.0,0.0,0.0,0.0,0.0,0.0,0.0,0.0,0.0,0.0,0.0,0.0,0.0,0.0,0.0,0.0,0.0,0.0
2021-10-14+2week,0.0,0.0,0.0,0.0,0.0,0.0,0.0,0.0,0.0,0.0,0.0,0.0,0.0,0.0,0.0,0.0,0.0,0.0,0.0,0.0,0.0
2021-10-14+4week,0.0,0.0,0.0,0.0,0.0,0.0,0.0,0.0,0.0,0.0,0.0,0.0,0.0,0.0,0.0,0.0,0.0,0.0,0.0,0.0,0.0
2021-10-15+1week,0.0,0.0,0.0,0.0,0.0,0.0,0.0,0.0,0.0,0.0,0.0,0.0,0.0,0.0,0.0,0.0,0.0,0.0,0.0,0.0,0.0
2021-10-15+2week,0.0,0.0,0.0,0.0,0.0,0.0,0.0,0.0,0.0,0.0,0.0,0.0,0.0,0.0,0.0,0.0,0.0,0.0,0.0,0.0,0.0
2021-10-15+4week,0.0,0.0,0.0,0.0,0.0,0.0,0.0,0.0,0.0,0.0,0.0,0.0,0.0,0.0,0.0,0.0,0.0,0.0,0.0,0.0,0.0
2021-10-16+1week,0.0,0.0,0.0,0.0,0.0,0.0,0.0,0.0,0.0,0.0,0.0,0.0,0.0,0.0,0.0,0.0,0.0,0.0,0.0,0.0,0.0
2021-10-16+2week,0.0,0.0,0.0,0.0,0.0,0.0,0.0,0.0,0.0,0.0,0.0,0.0,0.0,0.0,0.0,0.0,0.0,0.0,0.0,0.0,0.0
2021-10-16+4week,0.0,0.0,0.0,0.0,0.0,0.0,0.0,0.0,0.0,0.0,0.0,0.0,0.0,0.0,0.0,0.0,0.0,0.0,0.0,0.0,0.0
2021-10-17+1week,0.0,0.0,0.0,0.0,0.0,0.0,0.0,0.0,0.0,0.0,0.0,0.0,0.0,0.0,0.0,0.0,0.0,0.0,0.0,0.0,0.0
2021-10-17+2week,0.0,0.0,0.0,0.0,0.0,0.0,0.0,0.0,0.0,0.0,0.0,0.0,0.0,0.0,0.0,0.0,0.0,0.0,0.0,0.0,0.0
2021-10-17+4week,0.0,0.0,0.0,0.0,0.0,0.0,0.0,0.0,0.0,0.0,0.0,0.0,0.0,0.0,0.0,0.0,0.0,0.0,0.0,0.0,0.0
2021-10-18+1week,0.0,0.0,0.0,0.0,0.0,0.0,0.0,0.0,0.0,0.0,0.0,0.0,0.0,0.0,0.0,0.0,0.0,0.0,0.0,0.0,0.0
2021-10-18+2week,0.0,0.0,0.0,0.0,0.0,0.0,0.0,0.0,0.0,0.0,0.0,0.0,0.0,0.0,0.0,0.0,0.0,0.0,0.0,0.0,0.0
2021-10-18+4week,0.0,0.0,0.0,0.0,0.0,0.0,0.0,0.0,0.0,0.0,0.0,0.0,0.0,0.0,0.0,0.0,0.0,0.0,0.0,0.0,0.0
2021-10-19+1week,0.0,0.0,0.0,0.0,0.0,0.0,0.0,0.0,0.0,0.0,0.0,0.0,0.0,0.0,0.0,0.0,0.0,0.0,0.0,0.0,0.0
2021-10-19+2week,0.0,0.0,0.0,0.0,0.0,0.0,0.0,0.0,0.0,0.0,0.0,0.0,0.0,0.0,0.0,0.0,0.0,0.0,0.0,0.0,0.0
2021-10-19+4week,0.0,0.0,0.0,0.0,0.0,0.0,0.0,0.0,0.0,0.0,0.0,0.0,0.0,0.0,0.0,0.0,0.0,0.0,0.0,0.0,0.0
2021-10-20+1week,0.0,0.0,0.0,0.0,0.0,0.0,0.0,0.0,0.0,0.0,0.0,0.0,0.0,0.0,0.0,0.0,0.0,0.0,0.0,0.0,0.0
2021-10-20+2week,0.0,0.0,0.0,0.0,0.0,0.0,0.0,0.0,0.0,0.0,0.0,0.0,0.0,0.0,0.0,0.0,0.0,0.0,0.0,0.0,0.0
2021-10-20+4week,0.0,0.0,0.0,0.0,0.0,0.0,0.0,0.0,0.0,0.0,0.0,0.0,0.0,0.0,0.0,0.0,0.0,0.0,0.0,0.0,0.0
2021-10-21+1week,0.0,0.0,0.0,0.0,0.0,0.0,0.0,0.0,0.0,0.0,0.0,0.0,0.0,0.0,0.0,0.0,0.0,0.0,0.0,0.0,0.0
2021-10-21+2week,0.0,0.0,0.0,0.0,0.0,0.0,0.0,0.0,0.0,0.0,0.0,0.0,0.0,0.0,0.0,0.0,0.0,0.0,0.0,0.0,0.0
2021-10-21+4week,0.0,0.0,0.0,0.0,0.0,0.0,0.0,0.0,0.0,0.0,0.0,0.0,0.0,0.0,0.0,0.0,0.0,0.0,0.0,0.0,0.0
2021-10-22+1week,0.0,0.0,0.0,0.0,0.0,0.0,0.0,0.0,0.0,0.0,0.0,0.0,0.0,0.0,0.0,0.0,0.0,0.0,0.0,0.0,0.0
2021-10-22+2week,0.0,0.0,0.0,0.0,0.0,0.0,0.0,0.0,0.0,0.0,0.0,0.0,0.0,0.0,0.0,0.0,0.0,0.0,0.0,0.0,0.0
2021-10-22+4week,0.0,0.0,0.0,0.0,0.0,0.0,0.0,0.0,0.0,0.0,0.0,0.0,0.0,0.0,0.0,0.0,0.0,0.0,0.0,0.0,0.0
2021-10-23+1week,0.0,0.0,0.0,0.0,0.0,0.0,0.0,0.0,0.0,0.0,0.0,0.0,0.0,0.0,0.0,0.0,0.0,0.0,0.0,0.0,0.0
2021-10-23+2week,0.0,0.0,0.0,0.0,0.0,0.0,0.0,0.0,0.0,0.0,0.0,0.0,0.0,0.0,0.0,0.0,0.0,0.0,0.0,0.0,0.0
2021-10-23+4week,0.0,0.0,0.0,0.0,0.0,0.0,0.0,0.0,0.0,0.0,0.0,0.0,0.0,0.0,0.0,0.0,0.0,0.0,0.0,0.0,0.0
2021-10-24+1week,0.0,0.0,0.0,0.0,0.0,0.0,0.0,0.0,0.0,0.0,0.0,0.0,0.0,0.0,0.0,0.0,0.0,0.0,0.0,0.0,0.0
2021-10-24+2week,0.0,0.0,0.0,0.0,0.0,0.0,0.0,0.0,0.0,0.0,0.0,0.0,0.0,0.0,0.0,0.0,0.0,0.0,0.0,0.0,0.0
2021-10-24+4week,0.0,0.0,0.0,0.0,0.0,0.0,0.0,0.0,0.0,0.0,0.0,0.0,0.0,0.0,0.0,0.0,0.0,0.0,0.0,0.0,0.0
2021-10-25+1week,0.0,0.0,0.0,0.0,0.0,0.0,0.0,0.0,0.0,0.0,0.0,0.0,0.0,0.0,0.0,0.0,0.0,0.0,0.0,0.0,0.0
2021-10-25+2week,0.0,0.0,0.0,0.0,0.0,0.0,0.0,0.0,0.0,0.0,0.0,0.0,0.0,0.0,0.0,0.0,0.0,0.0,0.0,0.0,0.0
2021-10-25+4week,0.0,0.0,0.0,0.0,0.0,0.0,0.0,0.0,0.0,0.0,0.0,0.0,0.0,0.0,0.0,0.0,0.0,0.0,0.0,0.0,0.0
2021-10-26+1week,0.0,0.0,0.0,0.0,0.0,0.0,0.0,0.0,0.0,0.0,0.0,0.0,0.0,0.0,0.0,0.0,0.0,0.0,0.0,0.0,0.0
2021-10-26+2week,0.0,0.0,0.0,0.0,0.0,0.0,0.0,0.0,0.0,0.0,0.0,0.0,0.0,0.0,0.0,0.0,0.0,0.0,0.0,0.0,0.0
2021-10-26+4week,0.0,0.0,0.0,0.0,0.0,0.0,0.0,0.0,0.0,0.0,0.0,0.0,0.0,0.0,0.0,0.0,0.0,0.0,0.0,0.0,0.0
2021-10-27+1week,0.0,0.0,0.0,0.0,0.0,0.0,0.0,0.0,0.0,0.0,0.0,0.0,0.0,0.0,0.0,0.0,0.0,0.0,0.0,0.0,0.0
2021-10-27+2week,0.0,0.0,0.0,0.0,0.0,0.0,0.0,0.0,0.0,0.0,0.0,0.0,0.0,0.0,0.0,0.0,0.0,0.0,0.0,0.0,0.0
2021-10-27+4week,0.0,0.0,0.0,0.0,0.0,0.0,0.0,0.0,0.0,0.0,0.0,0.0,0.0,0.0,0.0,0.0,0.0,0.0,0.0,0.0,0.0
2021-10-28+1week,0.0,0.0,0.0,0.0,0.0,0.0,0.0,0.0,0.0,0.0,0.0,0.0,0.0,0.0,0.0,0.0,0.0,0.0,0.0,0.0,0.0
2021-10-28+2week,0.0,0.0,0.0,0.0,0.0,0.0,0.0,0.0,0.0,0.0,0.0,0.0,0.0,0.0,0.0,0.0,0.0,0.0,0.0,0.0,0.0
2021-10-28+4week,0.0,0.0,0.0,0.0,0.0,0.0,0.0,0.0,0.0,0.0,0.0,0.0,0.0,0.0,0.0,0.0,0.0,0.0,0.0,0.0,0.0
2021-10-29+1week,0.0,0.0,0.0,0.0,0.0,0.0,0.0,0.0,0.0,0.0,0.0,0.0,0.0,0.0,0.0,0.0,0.0,0.0,0.0,0.0,0.0
2021-10-29+2week,0.0,0.0,0.0,0.0,0.0,0.0,0.0,0.0,0.0,0.0,0.0,0.0,0.0,0.0,0.0,0.0,0.0,0.0,0.0,0.0,0.0
2021-10-29+4week,0.0,0.0,0.0,0.0,0.0,0.0,0.0,0.0,0.0,0.0,0.0,0.0,0.0,0.0,0.0,0.0,0.0,0.0,0.0,0.0,0.0
2021-10-30+1week,0.0,0.0,0.0,0.0,0.0,0.0,0.0,0.0,0.0,0.0,0.0,0.0,0.0,0.0,0.0,0.0,0.0,0.0,0.0,0.0,0.0
2021-10-30+2week,0.0,0.0,0.0,0.0,0.0,0.0,0.0,0.0,0.0,0.0,0.0,0.0,0.0,0.0,0.0,0.0,0.0,0.0,0.0,0.0,0.0
2021-10-30+4week,0.0,0.0,0.0,0.0,0.0,0.0,0.0,0.0,0.0,0.0,0.0,0.0,0.0,0.0,0.0,0.0,0.0,0.0,0.0,0.0,0.0
2021-10-31+1week,0.0,0.0,0.0,0.0,0.0,0.0,0.0,0.0,0.0,0.0,0.0,0.0,0.0,0.0,0.0,0.0,0.0,0.0,0.0,0.0,0.0
2021-10-31+2week,0.0,0.0,0.0,0.0,0.0,0.0,0.0,0.0,0.0,0.0,0.0,0.0,0.0,0.0,0.0,0.0,0.0,0.0,0.0,0.0,0.0
2021-10-31+4week,0.0,0.0,0.0,0.0,0.0,0.0,0.0,0.0,0.0,0.0,0.0,0.0,0.0,0.0,0.0,0.0,0.0,0.0,0.0,0.0,0.0
2021-11-01+1week,0.0,0.0,0.0,0.0,0.0,0.0,0.0,0.0,0.0,0.0,0.0,0.0,0.0,0.0,0.0,0.0,0.0,0.0,0.0,0.0,0.0
2021-11-01+2week,0.0,0.0,0.0,0.0,0.0,0.0,0.0,0.0,0.0,0.0,0.0,0.0,0.0,0.0,0.0,0.0,0.0,0.0,0.0,0.0,0.0
2021-11-01+4week,0.0,0.0,0.0,0.0,0.0,0.0,0.0,0.0,0.0,0.0,0.0,0.0,0.0,0.0,0.0,0.0,0.0,0.0,0.0,0.0,0.0
2021-11-02+1week,0.0,0.0,0.0,0.0,0.0,0.0,0.0,0.0,0.0,0.0,0.0,0.0,0.0,0.0,0.0,0.0,0.0,0.0,0.0,0.0,0.0
2021-11-02+2week,0.0,0.0,0.0,0.0,0.0,0.0,0.0,0.0,0.0,0.0,0.0,0.0,0.0,0.0,0.0,0.0,0.0,0.0,0.0,0.0,0.0
2021-11-02+4week,0.0,0.0,0.0,0.0,0.0,0.0,0.0,0.0,0.0,0.0,0.0,0.0,0.0,0.0,0.0,0.0,0.0,0.0,0.0,0.0,0.0
2021-11-03+1week,0.0,0.0,0.0,0.0,0.0,0.0,0.0,0.0,0.0,0.0,0.0,0.0,0.0,0.0,0.0,0.0,0.0,0.0,0.0,0.0,0.0
2021-11-03+2week,0.0,0.0,0.0,0.0,0.0,0.0,0.0,0.0,0.0,0.0,0.0,0.0,0.0,0.0,0.0,0.0,0.0,0.0,0.0,0.0,0.0
2021-11-03+4week,0.0,0.0,0.0,0.0,0.0,0.0,0.0,0.0,0.0,0.0,0.0,0.0,0.0,0.0,0.0,0.0,0.0,0.0,0.0,0.0,0.0
2021-11-04+1week,0.0,0.0,0.0,0.0,0.0,0.0,0.0,0.0,0.0,0.0,0.0,0.0,0.0,0.0,0.0,0.0,0.0,0.0,0.0,0.0,0.0
2021-11-04+2week,0.0,0.0,0.0,0.0,0.0,0.0,0.0,0.0,0.0,0.0,0.0,0.0,0.0,0.0,0.0,0.0,0.0,0.0,0.0,0.0,0.0
2021-11-04+4week,0.0,0.0,0.0,0.0,0.0,0.0,0.0,0.0,0.0,0.0,0.0,0.0,0.0,0.0,0.0,0.0,0.0,0.0,0.0,0.0,0.0
